{
	"format_version": "1.8.0",
	"animations": {
		"walk": {
			"loop": true,
			"animation_length": 4,
			"bones": {
				"LArm": {
					"rotation": {
						"0.0": [0, 0, 0],
						"2.0": [10, 0, 0],
						"4.0": [0, 0, 0]
					}
				},
				"RArm": {
					"rotation": {
						"0.0": [0, 0, 0],
						"2.0": [10, 0, 0],
						"4.0": [0, 0, 0]
					}
				}
			}
		},
		"death": {
			"animation_length": 0.5,
			"bones": {
				"head": {
					"rotation": {
						"0.0": [7.5, 0, 0],
						"0.0833": [20, 0, 0],
						"0.125": [34.97437, -1.43364, 2.04831],
						"0.1667": [27.08897, -5.71617, 8.21888],
						"0.2917": [-25.41103, -5.71617, 8.21888],
						"0.4167": [-67.91103, -5.71617, 8.21888]
					},
					"position": {
						"0.0": [0, 0, -3],
						"0.0833": [0, 0, -9],
						"0.125": [0, 0, -1],
						"0.1667": [0, -2, 8],
						"0.2917": [0, -5, 18],
						"0.4167": [0, -7, 21],
						"0.5": [0, -9, 23]
					},
					"scale": {
						"0.0": [1, 1, 1],
						"0.1667": [1, 1, 1],
						"0.2917": [0.7, 0.7, 0.7],
						"0.4167": [0.4, 0.4, 0.4],
						"0.5": [0.2, 0.2, 0.2]
					}
				},
				"Torso": {
					"rotation": {
						"0.0": [5, 0, 0],
						"0.0833": [15, 0, 0],
						"0.1667": [-44.5, 0, 0],
						"0.2917": [-62.5, 0, 0],
						"0.4167": [-82.5, 0, 0]
					},
					"position": {
						"0.0": [0, 0, -2],
						"0.0833": [0, 0, -5.5],
						"0.1667": [0, -1.4, 3.1],
						"0.2917": [0, -4.2, 9.4],
						"0.4167": [0, -6.2, 14.4],
						"0.5": [0, -12.2, 18.4]
					},
					"scale": {
						"0.0": [1, 1, 1],
						"0.1667": [1, 1, 1],
						"0.2917": [0.7, 0.7, 0.7],
						"0.4167": [0.4, 0.4, 0.4],
						"0.5": [0.2, 0.2, 0.2]
					}
				},
				"LArm": {
					"rotation": {
						"0.0": [-40.62598, 10.51794, -6.79286],
						"0.0833": [-60.57746, 7.003, -3.19425],
						"0.125": [-87.04715, 13.65606, -27.71108],
						"0.1667": [-122.48801, 2.00282, -32.92691],
						"0.2917": [-152.9688, -33.45353, -19.02803],
						"0.4167": [-172.9688, -33.45353, -19.02803]
					},
					"position": {
						"0.0833": [0, 0, -6],
						"0.1667": [0, 0, 7],
						"0.4167": [0, -7, 18],
						"0.5": [1, -10, 25]
					},
					"scale": {
						"0.0": [1, 1, 1],
						"0.1667": [1, 1, 1],
						"0.2917": [0.7, 0.7, 0.7],
						"0.4167": [0.4, 0.4, 0.4],
						"0.5": [0.2, 0.2, 0.2]
					}
				},
				"RArm": {
					"rotation": {
						"0.0": [-24.47603, -16.1299, 16.88003],
						"0.0833": [-44.24445, -12.06395, 13.8789],
						"0.125": [-54.9886, -17.24492, 22.72392],
						"0.1667": [-69.99686, -23.32321, 35.52483],
						"0.2917": [-111.18286, -9.96261, 45.82529],
						"0.4167": [-172.02807, 1.5897, 23.55593]
					},
					"position": {
						"0.0833": [0, 0, -6],
						"0.1667": [0, 0, 8],
						"0.4167": [1, -5, 13],
						"0.5": [1, -11, 18]
					},
					"scale": {
						"0.0": [1, 1, 1],
						"0.1667": [1, 1, 1],
						"0.2917": [0.7, 0.7, 0.7],
						"0.4167": [0.4, 0.4, 0.4],
						"0.5": [0.2, 0.2, 0.2]
					}
				},
				"LLeg": {
					"rotation": {
						"0.0833": [2.48436, 0.75155, -2.38443],
						"0.1667": [4.98436, 0.75155, -2.38443],
						"0.2917": [-50.01564, 0.75155, -2.38443]
					},
					"position": {
						"0.0": [0, -0.4, -1],
						"0.0833": [0, -0.4, -3],
						"0.1667": [0, -0.4, -1],
						"0.2917": [0, -0.4, 2],
						"0.4167": [0, -3.4, 10],
						"0.5": [1, -6.4, 13]
					},
					"scale": {
						"0.0": [1, 1, 1],
						"0.1667": [1, 1, 1],
						"0.2917": [0.6, 0.6, 0.6],
						"0.4167": [0.3, 0.3, 0.3],
						"0.5": [0.1, 0.1, 0.1]
					}
				},
				"RLeg": {
					"rotation": {
						"0.0833": [4.8423, -2.55868, 7.05239],
						"0.1667": [-17.6577, -2.55868, 7.05239],
						"0.2917": [-97.63645, -5.03813, 6.73176]
					},
					"position": {
						"0.0": [0, -0.2, -1],
						"0.0833": [0, -0.2, -3],
						"0.1667": [0, -0.2, -1],
						"0.2917": [0, -0.2, 3],
						"0.4167": [0, -3.2, 11],
						"0.5": [0, -7.2, 14]
					},
					"scale": {
						"0.0": [1, 1, 1],
						"0.1667": [1, 1, 1],
						"0.2917": [0.6, 0.6, 0.6],
						"0.4167": [0.3, 0.4, 0.3],
						"0.5": [0.1, 0.2, 0.2]
					}
				}
			}
		}
	},
	"geckolib_format_version": 2
}