{
	"format_version": "1.8.0",
	"animations": {
		"walk": {
			"loop": true,
			"animation_length": 1.2,
			"bones": {
				"LLeg": {
					"rotation": {
						"0.0": [4.98247, 0.85481, -9.84941],
						"0.2": [17.42628, 2.19653, -11.95965],
						"0.6": [22.32369, 3.71426, -13.94894],
						"1.0": [22.47605, 0.67617, -9.97441],
						"1.2": [4.98247, 0.85481, -9.84941]
					},
					"position": {
						"0.0": [0, -0.6, -2.1],
						"0.2": [0, -0.6, -2.5],
						"0.4": [1.3, 0.4, -1.8],
						"0.6": [1.3, 0.4, -2.8],
						"0.8": [1.3, 0.4, -1.8],
						"1.0": [0.2, 0.4, -1.2],
						"1.2": [0, -0.6, -2.1]
					}
				},
				"RLeg": {
					"rotation": {
						"0.0": [4.8423, -2.55868, 2.05239],
						"0.2": [14.8423, -2.55868, 2.05239],
						"0.6": [22.37161, 1.99627, -3.90764],
						"0.8": [22.27595, 3.51222, -5.89794],
						"1.0": [22.40367, 1.08543, -2.7154],
						"1.2": [22.41692, -0.12969, -1.12677]
					},
					"position": {
						"0.0": [0, 0, -2.8],
						"0.2": [0, 0, -2.7],
						"0.4": [0.1, 0.6, -1.9],
						"0.6": [0.1, 0.6, -1.2],
						"0.8": [0.1, 0.6, 0.8],
						"1.2": [0.1, 0.6, -3.2]
					}
				},
				"head": {
					"rotation": {
						"0.0": [11.28871, -4.59515, -4.38345],
						"0.2": [29.03413, -20.40253, -17.99178],
						"0.4": [25.42053, -6.15543, -11.99489],
						"0.6": [29.96765, 14.03454, 11.47614],
						"0.8": [24.71693, 17.77376, 13.23289],
						"1.0": [15.93825, 5.21901, 1.98723],
						"1.2": [13.70787, -4.70399, -3.38611]
					},
					"position": {
						"0.0": [0.6, -0.3, -2.8],
						"0.2": [0.6, -0.7, -4.9],
						"0.4": [-0.8, -1.4, -4.6],
						"0.6": [-0.8, -1.6, -6.2],
						"0.8": [-0.5, -1.6, -2.3],
						"1.0": [-0.5, -0.4, -0.8],
						"1.2": [0.6, -0.3, -2.8]
					}
				},
				"Torso": {
					"rotation": {
						"0.0": [4.87082, -11.27569, 1.75207],
						"0.2": [10.77562, -2.83027, 3.11274],
						"0.4": [10.75617, 8.26636, -3.73365],
						"0.6": [19.52007, 17.74686, -3.55485],
						"0.8": [11.19894, 10.77882, -1.6543],
						"1.0": [9.83275, 2.73714, 1.05002],
						"1.2": [2.87082, -11.27569, 1.75207]
					},
					"position": {
						"0.0": [0, 0, -2.1],
						"0.2": [0, 0, -3.6],
						"0.6": [0, 0, -3.9],
						"0.8": [0, 0, -1.3],
						"1.0": [0, 0, -0.4],
						"1.2": [0, 0, -2.1]
					}
				},
				"LArm": {
					"rotation": {
						"0.0": [3.99737, 0.94832, -0.31733],
						"0.2": [7.98645, 12.0326, -1.85587],
						"0.4": [2.40315, 25.94042, -15.18322],
						"0.6": [11.09698, 27.66264, -7.00313],
						"0.8": [13.21995, 20.5059, -1.13086],
						"1.0": [15.06474, 23.48122, -1.54515],
						"1.2": [3.99409, -1.42247, 0.47605]
					},
					"position": {
						"0.0": [0.2, 0, -0.6],
						"0.2": [0.2, -0.3, -4.1],
						"0.4": [-0.4, -0.3, -3.8],
						"0.6": [-0.5, -0.3, -5.9],
						"0.8": [-0.5, -0.3, -1.9],
						"1.0": [-0.3, -0.3, 1.5],
						"1.2": [0.2, 0, -2]
					}
				},
				"RArm": {
					"rotation": {
						"0.0": [4.91624, -6.05361, 4.59281],
						"0.2": [9.06457, -11.29016, 9.19505],
						"0.6": [11.56457, -11.29016, 9.19505],
						"0.8": [12.70676, -6.02929, 3.36163],
						"1.0": [12.65632, -9.00486, 3.74706],
						"1.2": [12.69977, -6.52524, 3.42552]
					},
					"position": {
						"0.0": [0.6, 0, -1.7],
						"0.2": [0.6, 0, -3.8],
						"0.4": [-0.8, 0, -3.3],
						"0.6": [-1, 0, -3.8],
						"0.8": [-1, 0, -1.4],
						"1.0": [-0.3, -0.6, 0.6],
						"1.2": [0, -0.6, -2.6]
					}
				}
			}
		},
		"death": {
			"animation_length": 0.5,
			"bones": {
				"head": {
					"rotation": {
						"0.0": [7.5, 0, 0],
						"0.0833": [20, 0, 0],
						"0.125": [34.97437, -1.43364, 2.04831],
						"0.1667": [27.08897, -5.71617, 8.21888],
						"0.2917": [-25.41103, -5.71617, 8.21888],
						"0.4167": [-67.91103, -5.71617, 8.21888]
					},
					"position": {
						"0.0": [0, 0, -3],
						"0.0833": [0, 0, -9],
						"0.125": [0, 0, -1],
						"0.1667": [0, -2, 8],
						"0.2917": [0, -5, 18],
						"0.4167": [0, -7, 21],
						"0.5": [0, -9, 23]
					},
					"scale": {
						"0.0": [1, 1, 1],
						"0.1667": [1, 1, 1],
						"0.2917": [0.7, 0.7, 0.7],
						"0.4167": [0.4, 0.4, 0.4],
						"0.5": [0.2, 0.2, 0.2]
					}
				},
				"Torso": {
					"rotation": {
						"0.0": [5, 0, 0],
						"0.0833": [15, 0, 0],
						"0.1667": [-44.5, 0, 0],
						"0.2917": [-62.5, 0, 0],
						"0.4167": [-82.5, 0, 0]
					},
					"position": {
						"0.0": [0, 0, -2],
						"0.0833": [0, 0, -5.5],
						"0.1667": [0, -1.4, 3.1],
						"0.2917": [0, -4.2, 9.4],
						"0.4167": [0, -6.2, 14.4],
						"0.5": [0, -12.2, 18.4]
					},
					"scale": {
						"0.0": [1, 1, 1],
						"0.1667": [1, 1, 1],
						"0.2917": [0.7, 0.7, 0.7],
						"0.4167": [0.4, 0.4, 0.4],
						"0.5": [0.2, 0.2, 0.2]
					}
				},
				"LArm": {
					"rotation": {
						"0.0": [-40.62598, 10.51794, -6.79286],
						"0.0833": [-60.57746, 7.003, -3.19425],
						"0.125": [-87.04715, 13.65606, -27.71108],
						"0.1667": [-122.48801, 2.00282, -32.92691],
						"0.2917": [-152.9688, -33.45353, -19.02803],
						"0.4167": [-172.9688, -33.45353, -19.02803]
					},
					"position": {
						"0.0833": [0, 0, -6],
						"0.1667": [0, 0, 7],
						"0.4167": [0, -7, 18],
						"0.5": [1, -10, 25]
					},
					"scale": {
						"0.0": [1, 1, 1],
						"0.1667": [1, 1, 1],
						"0.2917": [0.7, 0.7, 0.7],
						"0.4167": [0.4, 0.4, 0.4],
						"0.5": [0.2, 0.2, 0.2]
					}
				},
				"RArm": {
					"rotation": {
						"0.0": [-24.47603, -16.1299, 16.88003],
						"0.0833": [-44.24445, -12.06395, 13.8789],
						"0.125": [-54.9886, -17.24492, 22.72392],
						"0.1667": [-69.99686, -23.32321, 35.52483],
						"0.2917": [-111.18286, -9.96261, 45.82529],
						"0.4167": [-172.02807, 1.5897, 23.55593]
					},
					"position": {
						"0.0833": [0, 0, -6],
						"0.1667": [0, 0, 8],
						"0.4167": [1, -5, 13],
						"0.5": [1, -11, 18]
					},
					"scale": {
						"0.0": [1, 1, 1],
						"0.1667": [1, 1, 1],
						"0.2917": [0.7, 0.7, 0.7],
						"0.4167": [0.4, 0.4, 0.4],
						"0.5": [0.2, 0.2, 0.2]
					}
				},
				"LLeg": {
					"rotation": {
						"0.0833": [2.48436, 0.75155, -2.38443],
						"0.1667": [4.98436, 0.75155, -2.38443],
						"0.2917": [-50.01564, 0.75155, -2.38443]
					},
					"position": {
						"0.0": [0, -0.4, -1],
						"0.0833": [0, -0.4, -3],
						"0.1667": [0, -0.4, -1],
						"0.2917": [0, -0.4, 2],
						"0.4167": [0, -3.4, 10],
						"0.5": [1, -6.4, 13]
					},
					"scale": {
						"0.0": [1, 1, 1],
						"0.1667": [1, 1, 1],
						"0.2917": [0.6, 0.6, 0.6],
						"0.4167": [0.3, 0.3, 0.3],
						"0.5": [0.1, 0.1, 0.1]
					}
				},
				"RLeg": {
					"rotation": {
						"0.0833": [4.8423, -2.55868, 7.05239],
						"0.1667": [-17.6577, -2.55868, 7.05239],
						"0.2917": [-97.63645, -5.03813, 6.73176]
					},
					"position": {
						"0.0": [0, -0.2, -1],
						"0.0833": [0, -0.2, -3],
						"0.1667": [0, -0.2, -1],
						"0.2917": [0, -0.2, 3],
						"0.4167": [0, -3.2, 11],
						"0.5": [0, -7.2, 14]
					},
					"scale": {
						"0.0": [1, 1, 1],
						"0.1667": [1, 1, 1],
						"0.2917": [0.6, 0.6, 0.6],
						"0.4167": [0.3, 0.4, 0.3],
						"0.5": [0.1, 0.2, 0.2]
					}
				}
			}
		}
	},
	"geckolib_format_version": 2
}